-- MySQL dump 10.13  Distrib 8.0.32, for macos13 (arm64)
--
-- Host: 127.0.0.1    Database: hotel-miranda
-- ------------------------------------------------------
-- Server version	8.0.32

/*!40101 SET @OLD_CHARACTER_SET_CLIENT=@@CHARACTER_SET_CLIENT */;
/*!40101 SET @OLD_CHARACTER_SET_RESULTS=@@CHARACTER_SET_RESULTS */;
/*!40101 SET @OLD_COLLATION_CONNECTION=@@COLLATION_CONNECTION */;
/*!50503 SET NAMES utf8mb4 */;
/*!40103 SET @OLD_TIME_ZONE=@@TIME_ZONE */;
/*!40103 SET TIME_ZONE='+00:00' */;
/*!40014 SET @OLD_UNIQUE_CHECKS=@@UNIQUE_CHECKS, UNIQUE_CHECKS=0 */;
/*!40014 SET @OLD_FOREIGN_KEY_CHECKS=@@FOREIGN_KEY_CHECKS, FOREIGN_KEY_CHECKS=0 */;
/*!40101 SET @OLD_SQL_MODE=@@SQL_MODE, SQL_MODE='NO_AUTO_VALUE_ON_ZERO' */;
/*!40111 SET @OLD_SQL_NOTES=@@SQL_NOTES, SQL_NOTES=0 */;

--
-- Table structure for table `bookings`
--

DROP TABLE IF EXISTS `bookings`;
/*!40101 SET @saved_cs_client     = @@character_set_client */;
/*!50503 SET character_set_client = utf8mb4 */;
CREATE TABLE `bookings` (
  `id` varchar(6) NOT NULL,
  `name` varchar(255) NOT NULL,
  `orderDate` varchar(10) NOT NULL,
  `checkIn` varchar(10) NOT NULL,
  `checkOut` varchar(10) NOT NULL,
  `room` varchar(6) NOT NULL,
  `specialRequest` varchar(255) NOT NULL,
  PRIMARY KEY (`id`),
  KEY `room` (`room`),
  CONSTRAINT `bookings_ibfk_1` FOREIGN KEY (`room`) REFERENCES `rooms` (`id`) ON DELETE CASCADE ON UPDATE CASCADE
) ENGINE=InnoDB DEFAULT CHARSET=utf8mb4 COLLATE=utf8mb4_0900_ai_ci;
/*!40101 SET character_set_client = @saved_cs_client */;

--
-- Dumping data for table `bookings`
--

LOCK TABLES `bookings` WRITE;
/*!40000 ALTER TABLE `bookings` DISABLE KEYS */;
INSERT INTO `bookings` VALUES ('B-0001','Maria','03/15/2022','03/20/2022','03/25/2022','R-0001','No smoking room'),('B-0002','Martha Garcia','05/01/2023','05/10/2023','05/15/2023','R-0005','Early check-in, please'),('B-0003','Bob Smith','06/20/2022','06/25/2022','06/30/2022','R-0007','Early check-in, please'),('B-0004','Emily Davis','09/01/2022','09/10/2022','09/15/2022','R-0008','Ocean view preferred'),('B-0005','David Lee','07/10/2023','07/15/2023','07/20/2023','R-0006','Late check-out, please'),('B-0006','Sophia Brown','08/15/2022','08/20/2022','08/25/2022','R-0003','Extra blankets, please'),('B-0007','Oliver Garcia','11/01/2022','11/10/2022','11/15/2022','R-0003','Quiet room, please'),('B-0008','William Jones','10/01/2023','10/10/2023','10/15/2023','R-0008','Room with balcony preferred'),('B-0009','Ava Hernandez','04/20/2022','05/25/2023','05/30/2023','R-0008','Extra towels, please'),('B-0010','Mia Wilson','03/01/2022','03/10/2022','03/15/2022','R-0002',''),('B-0011','Ethan Taylor','04/15/2022','04/20/2022','04/25/2022','R-0001','Extra pillows, please'),('B-0012','Charlotte Anderson','04/01/2023','04/18/2023','04/20/2023','R-0004','Early check-in, please'),('B-0013','Karl Klein','03/29/2023','06/03/2023','06/03/2023','R-0031','Quod doloremque hic odit rerum illo et expedita. Quibusdam doloribus earum cupiditate quo. Nemo tenetur qui itaque voluptates eius sunt aspernatur.'),('B-0014','Silvia Nolan','04/09/2023','06/03/2023','06/04/2023','R-0018','Mollitia rem ipsa vitae. Atque ea doloribus amet. Nesciunt vero placeat quaerat officia beatae esse asperiores.'),('B-0015','Ada Bernhard','05/22/2023','06/02/2023','06/03/2023','R-0028','Voluptatem quis optio cum sapiente iure delectus. Nemo ut itaque blanditiis enim. Blanditiis modi autem reprehenderit velit molestias minus laudantium omnis praesentium.'),('B-0016','Pam Schultz','03/20/2023','06/03/2023','06/06/2023','R-0002','Itaque illum blanditiis amet blanditiis reiciendis. Corrupti consequatur laboriosam sapiente mollitia odit. Quisquam doloribus deleniti eligendi facilis eos sunt molestias id.'),('B-0017','Ms. Stella Satterfield','10/25/2022','06/03/2023','06/03/2023','R-0012','Corporis pariatur voluptas culpa optio beatae libero. Repellendus harum odit cumque adipisci iste consequatur. Velit non necessitatibus temporibus ratione ex vero voluptatum.'),('B-0018','Jake Cassin','05/18/2023','06/02/2023','06/08/2023','R-0007','Sed soluta excepturi id recusandae. Aliquid exercitationem voluptas ratione rerum quisquam praesentium labore reiciendis modi. Ab fuga incidunt sequi eius commodi optio eveniet magnam.'),('B-0019','Eugene Nitzsche DDS','09/24/2022','06/03/2023','06/05/2023','R-0014','Quis corporis corporis distinctio est. Numquam velit laboriosam. Dicta deleniti nam repellat earum adipisci omnis maxime.'),('B-0020','Shaun Kuhn','11/03/2022','06/03/2023','06/03/2023','R-0013','Deleniti dicta explicabo facilis aliquam nulla ea. Doloremque odit cupiditate eos corrupti molestiae esse temporibus inventore ut. Reprehenderit commodi architecto autem delectus facilis ea deleniti eum explicabo.'),('B-0021','Wayne Cartwright','10/19/2022','06/02/2023','06/03/2023','R-0015','Cum at atque eius blanditiis cum. Provident exercitationem ipsam tempora soluta iusto labore aliquid fuga dolor. Praesentium corporis asperiores sit facilis asperiores quam et.'),('B-0022','John Doyle','11/25/2022','06/02/2023','06/06/2023','R-0023','Consectetur ut quaerat enim in porro eaque dignissimos qui odio. Ea inventore non magni eligendi reiciendis exercitationem expedita facilis quo. Dolorum earum et commodi.');
/*!40000 ALTER TABLE `bookings` ENABLE KEYS */;
UNLOCK TABLES;

--
-- Table structure for table `contacts`
--

DROP TABLE IF EXISTS `contacts`;
/*!40101 SET @saved_cs_client     = @@character_set_client */;
/*!50503 SET character_set_client = utf8mb4 */;
CREATE TABLE `contacts` (
  `id` varchar(6) NOT NULL,
  `date` varchar(30) NOT NULL,
  `customer` json NOT NULL,
  `isArchived` tinyint(1) NOT NULL,
  `subject` varchar(100) NOT NULL,
  `comment` text NOT NULL,
  PRIMARY KEY (`id`)
) ENGINE=InnoDB DEFAULT CHARSET=utf8mb4 COLLATE=utf8mb4_0900_ai_ci;
/*!40101 SET character_set_client = @saved_cs_client */;

--
-- Dumping data for table `contacts`
--

LOCK TABLES `contacts` WRITE;
/*!40000 ALTER TABLE `contacts` DISABLE KEYS */;
INSERT INTO `contacts` VALUES ('C-0001','05/04/2023 12:30:00','{\"name\": \"Ana Garcia\", \"email\": \"ana.garcia@example.com\", \"phone\": \"555-123-4567\"}',1,'Noisy room','My stay at the hotel was not as pleasant as I had hoped due to the constant noise coming from outside my room. It made it difficult to get a good night\'s sleep.'),('C-0002','05/03/2023 15:45:00','{\"name\": \"John Smith\", \"email\": \"john.smith@example.com\", \"phone\": \"555-987-6543\"}',1,'Great service','I had a wonderful experience at the hotel. The staff were very friendly and helpful, and went out of their way to make sure I had everything I needed. I would definitely stay here again!'),('C-0003','05/02/2023 08:00:00','{\"name\": \"Emily Brown\", \"email\": \"emily.brown@example.com\", \"phone\": \"555-555-5555\"}',1,'Clean and comfortable','The room was very clean and comfortable, and I appreciated the attention to detail. The hotel overall was well-maintained and had a nice atmosphere.'),('C-0004','05/01/2023 19:20:00','{\"name\": \"David Rodriguez\", \"email\": \"david.rodriguez@example.com\", \"phone\": \"555-111-2222\"}',0,'Late check-in','I arrived at the hotel later than expected, and was disappointed to find that there was no one available at the front desk to check me in. I had to wait for almost an hour before someone finally arrived.'),('C-0005','04/30/2023 10:15:00','{\"name\": \"Sarah Kim\", \"email\": \"sarah.kim@example.com\", \"phone\": \"555-333-4444\"}',0,'Poor breakfast','The breakfast at the hotel was not up to par. The food was cold and tasteless, and there was not much variety to choose from. I would recommend looking elsewhere for breakfast.'),('C-0006','04/29/2023 13:00:00','{\"name\": \"Michael Chen\", \"email\": \"michael.chen@example.com\", \"phone\": \"555-777-8888\"}',1,'Great location','The hotel was in a great location, close to many restaurants and attractions. It was easy to get around and I felt safe walking around the area.'),('C-0007','04/28/2023 16:45:00','{\"name\": \"Emma Davis\", \"email\": \"emma.davis@example.com\", \"phone\": \"555-444-5555\"}',0,'Unresponsive staff','I had a problem with my room and tried to contact the front desk multiple times, but no one answered the phone. When I went down to the lobby in person, the staff member was unhelpful and dismissive of my concerns.'),('C-0008','04/27/2023 11:30:00','{\"name\": \"Alexandra Lee\", \"email\": \"alexandra.lee@example.com\", \"phone\": \"555-888-9999\"}',0,'Poor room service','I ordered room service and was disappointed to find that the food was cold and unappetizing. When I called to complain, the staff member seemed indifferent to my concerns.'),('C-0009','04/26/2023 09:00:00','{\"name\": \"Daniel Wilson\", \"email\": \"daniel.wilson@example.com\", \"phone\": \"555-222-3333\"}',1,'Spacious room','I really enjoyed my stay at this hotel. The room was spacious and well-appointed, with plenty of natural light and comfortable furnishings. The staff were friendly and helpful, and the location was perfect for exploring the city.'),('C-0010','02/15/2023','{\"name\": \"Cheryl Bradtke III\", \"email\": \"Brooke.Walker@hotmail.com\", \"phone\": \"(953) 764-9817 x80921\"}',1,'Iusto placeat voluptatum ipsam porro.','Esse temporibus accusantium officia est laboriosam vel minima eaque tenetur. Atque asperiores sint cumque repudiandae culpa sint tenetur architecto omnis. Quos nisi minus maiores modi animi rerum nostrum. Neque rerum voluptas expedita illo quisquam asperiores et quas.'),('C-0011','03/06/2023','{\"name\": \"Kari Donnelly\", \"email\": \"Verda65@hotmail.com\", \"phone\": \"865-733-3919\"}',0,'Ut rerum consequatur atque tenetur.','Similique minus rem officiis dignissimos maiores voluptate. Iusto totam nesciunt doloribus dignissimos possimus. Consequuntur praesentium quo. Adipisci reiciendis itaque error accusantium fuga quod consequuntur odit.'),('C-0012','12/12/2022','{\"name\": \"Nichole Hermiston\", \"email\": \"Lauryn_Kulas@yahoo.com\", \"phone\": \"(864) 257-6035 x72466\"}',0,'Adipisci ducimus laborum necessitatibus ad.','Corporis ducimus rem rerum ut itaque dolorum culpa. Iusto labore id impedit laboriosam nobis voluptates exercitationem laudantium harum. Veritatis at iure. Ab ipsam soluta quasi dicta expedita ipsum dolores velit laboriosam.'),('C-0013','03/21/2023','{\"name\": \"Maria Stroman\", \"email\": \"Alanna_Kreiger@yahoo.com\", \"phone\": \"426.210.3214 x1046\"}',0,'Consectetur quaerat autem fugit eum.','Accusantium molestias incidunt aperiam quasi. Reprehenderit quia reprehenderit libero. Voluptate alias voluptatem a voluptas repellendus recusandae cupiditate. Suscipit ipsam ratione.'),('C-0014','05/20/2023','{\"name\": \"Drew Morar\", \"email\": \"Irving_Douglas@yahoo.com\", \"phone\": \"(653) 549-9640 x1408\"}',1,'Illum in nesciunt explicabo minima.','Excepturi corporis omnis. A ex reprehenderit pariatur odio aliquam repellendus doloribus. Voluptatem accusamus natus repellat aperiam expedita. Expedita voluptas cumque occaecati veniam molestiae nobis aut impedit illo.'),('C-0015','10/12/2022','{\"name\": \"Kristen Klocko\", \"email\": \"Jannie.Heaney@hotmail.com\", \"phone\": \"(937) 773-4117 x4325\"}',1,'Expedita maiores commodi doloribus amet.','Aperiam perspiciatis illum quae quae cum magnam earum placeat nostrum. Quae ab facere rem eius ipsum aperiam repellat ab. Aliquid vel quas sunt. Sequi sed nam explicabo quo voluptatibus facilis.'),('C-0016','07/18/2022','{\"name\": \"Tamara Medhurst\", \"email\": \"Torey24@hotmail.com\", \"phone\": \"1-753-236-6090 x7717\"}',1,'Perspiciatis veniam ipsa cupiditate nesciunt.','Dolorum voluptatem ut. Inventore illum possimus. Cumque et suscipit voluptate repellat. Dicta voluptas odit cupiditate quidem provident illum.'),('C-0017','11/21/2022','{\"name\": \"Mary Lesch\", \"email\": \"Jeanie_Hagenes65@gmail.com\", \"phone\": \"874-229-8042 x0366\"}',0,'Dolor dicta autem quod cumque.','Exercitationem necessitatibus unde eveniet facilis. Harum nemo corporis non architecto. Et nesciunt ducimus odit quaerat ipsa eos. Consequatur molestias laudantium earum fugit non esse ipsam iure.'),('C-0018','01/26/2023','{\"name\": \"Stacy Hilpert DVM\", \"email\": \"Peggie88@gmail.com\", \"phone\": \"930.313.3819 x239\"}',0,'Maiores eos sed laudantium aspernatur.','Architecto hic veniam odio veritatis optio ut. Quia asperiores dignissimos magnam recusandae asperiores perferendis vero temporibus. Consequuntur sed voluptatem voluptatem error laudantium mollitia necessitatibus iusto provident. Ratione doloremque ab totam odit voluptate quasi consectetur odio.'),('C-0019','09/15/2022','{\"name\": \"Katie Murray\", \"email\": \"Mittie_Waelchi@hotmail.com\", \"phone\": \"945-280-1365\"}',0,'Vel esse tempore blanditiis occaecati.','Officiis ipsa dolor ad ipsum occaecati. Deserunt itaque ex dolorem autem vel nesciunt sapiente. Et quaerat aliquid. Debitis quo soluta in corporis.'),('C-0020','06/22/2022','{\"name\": \"Tasha Luettgen\", \"email\": \"Susan.Koepp73@gmail.com\", \"phone\": \"(758) 872-3759\"}',0,'Natus facilis blanditiis nemo occaecati.','Suscipit beatae perferendis maiores. Beatae neque numquam doloribus dolor quam cumque libero recusandae quia. A asperiores sit necessitatibus temporibus facilis temporibus quibusdam accusamus accusamus. Vel quibusdam error a consequatur odio rerum.'),('C-0021','11/27/2022','{\"name\": \"Ismael Witting-Johns I\", \"email\": \"Elvie.Wolff85@hotmail.com\", \"phone\": \"(874) 365-7637 x858\"}',1,'Fugiat nam tempore explicabo architecto.','Odit nisi ipsum possimus quasi assumenda consequuntur. Facere accusamus reiciendis alias recusandae dolorem dignissimos magnam ratione alias. Ipsum placeat labore ipsa dolores porro dicta sequi. Quasi earum aliquam.'),('C-0022','09/19/2022','{\"name\": \"Wallace Rau\", \"email\": \"Unique_Hoppe6@gmail.com\", \"phone\": \"983-908-5857 x50571\"}',1,'Accusantium pariatur soluta odit itaque.','Consequuntur suscipit odio. Vel soluta corporis aperiam accusantium repellat quas officiis odio. Occaecati qui deserunt repudiandae. Sunt consectetur facere temporibus maxime repellendus cum doloremque quidem.'),('C-0023','02/22/2023','{\"name\": \"Miss Krystal Mante\", \"email\": \"Mellie.Parker@yahoo.com\", \"phone\": \"(594) 904-8779\"}',1,'Ea nesciunt vitae aliquid totam.','Harum animi eius atque consectetur provident quidem ullam dignissimos nesciunt. Nulla accusamus culpa. Amet reiciendis eveniet accusantium voluptates nihil doloribus vel repellat laudantium. Voluptate animi iure hic.'),('C-0024','2023-06-26','{\"name\": \"pablo\", \"email\": \"admin@admin.com\", \"phone\": \"98878788887\"}',0,'weewrer','erwerewrwerwerew'),('C-0025','2023-06-26','{\"name\": \"pablo\", \"email\": \"admin@admin.com\", \"phone\": \"98878788887\"}',0,'weewrer','erwerewrwerwerew'),('C-0026','2023-06-26','{\"name\": \"pablo\", \"email\": \"admin@admin.com\", \"phone\": \"98878788887\"}',0,'weewrer','erwerewrwerwerew'),('C-0027','2023-06-26','{\"name\": \"pablo\", \"email\": \"pabloherrerof@gmail.com\", \"phone\": \"98878788887\"}',0,'weewrer','erwerewrwerwerew'),('C-0028','2023-06-26','{\"name\": \"pablo\", \"email\": \"pabloherrerof@gmail.com\", \"phone\": \"98878788887\"}',0,'weewrer','erwerewrwerwerew'),('C-0029','2023-06-26','{\"name\": \"pablo\", \"email\": \"admin@admin.com\", \"phone\": \"98878788887\"}',0,'weewrer','erwerewrwerwerew'),('C-0030','2023-06-26','{\"name\": \"pablo\", \"email\": \"admin@admin.com\", \"phone\": \"98878788887\"}',0,'weewrer','erwerewrwerwerew'),('C-0031','2023-06-26','{\"name\": \"11234567890a\", \"email\": \"admin@admin.com\", \"phone\": \"98878788887\"}',0,'weewrer','fasafsf'),('C-0032','2023-06-26','{\"name\": \"pablo\", \"email\": \"admin@admin.com\", \"phone\": \"98878788887\"}',0,'weewrer','erwerewrwerwerew'),('C-0033','2023-06-26','{\"name\": \"pablo\", \"email\": \"admin@admin.com\", \"phone\": \"98878788887\"}',0,'weewrer','fasafsf'),('C-0034','2023-06-26','{\"name\": null, \"email\": null, \"phone\": null}',0,'','');
/*!40000 ALTER TABLE `contacts` ENABLE KEYS */;
UNLOCK TABLES;

--
-- Table structure for table `rooms`
--

DROP TABLE IF EXISTS `rooms`;
/*!40101 SET @saved_cs_client     = @@character_set_client */;
/*!50503 SET character_set_client = utf8mb4 */;
CREATE TABLE `rooms` (
  `id` varchar(6) NOT NULL,
  `roomType` enum('Single Bed','Double Bed','Double Superior','Suite') NOT NULL,
  `roomNumber` varchar(10) NOT NULL,
  `description` text NOT NULL,
  `price` decimal(10,2) NOT NULL,
  `discount` int NOT NULL,
  `cancellation` text NOT NULL,
  `thumbnail` text NOT NULL,
  `amenities` json NOT NULL,
  `images` json NOT NULL,
  `status` enum('AVAILABLE','BOOKED') DEFAULT NULL,
  PRIMARY KEY (`id`)
) ENGINE=InnoDB DEFAULT CHARSET=utf8mb4 COLLATE=utf8mb4_0900_ai_ci;
/*!40101 SET character_set_client = @saved_cs_client */;

--
-- Dumping data for table `rooms`
--

LOCK TABLES `rooms` WRITE;
/*!40000 ALTER TABLE `rooms` DISABLE KEYS */;
INSERT INTO `rooms` VALUES ('R-0001','Single Bed','101','Cozy room with a single bed and a window facing the city. Vitae libero in veritatis officia consequuntur. Qui nobis quia repudiandae expedita eum. ',80.00,0,'You can cancel up to 24 hours before check-in without penalty.','https://images.unsplash.com/photo-1517862774645-dd398fbfaffa?ixlib=rb-4.0.3&ixid=MnwxMjA3fDB8MHxwaG90by1wYWdlfHx8fGVufDB8fHx8&auto=format&fit=crop&w=774&q=80','[\"Wi-Fi\", \"TV\", \"Air conditioning\"]','[\"https://images.unsplash.com/photo-1517862774645-dd398fbfaffa?ixlib=rb-4.0.3&ixid=MnwxMjA3fDB8MHxwaG90by1wYWdlfHx8fGVufDB8fHx8&auto=format&fit=crop&w=774&q=80\", \"https://images.unsplash.com/photo-1552321554-5fefe8c9ef14?ixlib=rb-4.0.3&ixid=MnwxMjA3fDB8MHxwaG90by1wYWdlfHx8fGVufDB8fHx8&auto=format&fit=crop&w=774&q=80\", \"https://images.unsplash.com/photo-1486946255434-2466348c2166?ixlib=rb-4.0.3&ixid=MnwxMjA3fDB8MHxwaG90by1wYWdlfHx8fGVufDB8fHx8&auto=format&fit=crop&w=774&q=80\"]','AVAILABLE'),('R-0002','Double Bed','102','Spacious room with two double beds and a balcony with sea view.Vitae libero in veritatis officia consequuntur. Qui nobis quia repudiandae expedita eum. Pa',120.00,10,'You can cancel up to 48 hours before check-in without penalty.','https://images.unsplash.com/photo-1576354302919-96748cb8299e?ixlib=rb-4.0.3&ixid=MnwxMjA3fDB8MHxwaG90by1wYWdlfHx8fGVufDB8fHx8&auto=format&fit=crop&w=658&q=80','[\"Wi-Fi\", \"TV\", \"A/C\", \"Air conditioning\", \"Safe\"]','[\"https://images.unsplash.com/photo-1576354302919-96748cb8299e?ixlib=rb-4.0.3&ixid=MnwxMjA3fDB8MHxwaG90by1wYWdlfHx8fGVufDB8fHx8&auto=format&fit=crop&w=658&q=80\", \"https://images.unsplash.com/photo-1604014237256-11d475e2a2d8?ixlib=rb-4.0.3&ixid=MnwxMjA3fDB8MHxwaG90by1wYWdlfHx8fGVufDB8fHx8&auto=format&fit=crop&w=774&q=80\", \"https://images.unsplash.com/photo-1501127122-f385ca6ddd9d?ixlib=rb-4.0.3&ixid=MnwxMjA3fDB8MHxwaG90by1wYWdlfHx8fGVufDB8fHx8&auto=format&fit=crop&w=2832&q=80\"]','BOOKED'),('R-0003','Suite','201','Elegant room with a queen bed, a sitting area, and a view of the garden.Vitae libero in veritatis officia consequuntur. Qui nobis quia repudiandae expedita eum.',150.00,20,'You can cancel up to 72 hours before check-in without penalty.','https://images.unsplash.com/photo-1578683010236-d716f9a3f461?ixlib=rb-4.0.3&ixid=MnwxMjA3fDB8MHxwaG90by1wYWdlfHx8fGVufDB8fHx8&auto=format&fit=crop&w=2070&q=80','[\"Wi-Fi\", \"TV\", \"Mini fridge\", \"Hair dryer\", \"Air conditioning\", \"Bathtub\", \"Safe\"]','[\"https://images.unsplash.com/photo-1578683010236-d716f9a3f461?ixlib=rb-4.0.3&ixid=MnwxMjA3fDB8MHxwaG90by1wYWdlfHx8fGVufDB8fHx8&auto=format&fit=crop&w=2070&q=80\", \"https://images.unsplash.com/photo-1580229080435-1c7e2ce835c1?ixlib=rb-4.0.3&ixid=MnwxMjA3fDB8MHxwaG90by1wYWdlfHx8fGVufDB8fHx8&auto=format&fit=crop&w=1064&q=80\", \"https://images.unsplash.com/photo-1600566752229-250ed79470f8?ixlib=rb-4.0.3&ixid=MnwxMjA3fDB8MHxwaG90by1wYWdlfHx8fGVufDB8fHx8&auto=format&fit=crop&w=2039&q=80\"]','AVAILABLE'),('R-0004','Double Superior','202','Luxurious room with a king bed, a private terrace, and a whirlpool tub.Vitae libero in veritatis officia consequuntur. Qui nobis quia repudiandae expedita eum. Pa',200.00,0,'You can cancel up to 48 hours before check-in without penalty.','https://images.unsplash.com/photo-1611892440504-42a792e24d32?ixlib=rb-4.0.3&ixid=MnwxMjA3fDB8MHxwaG90by1wYWdlfHx8fGVufDB8fHx8&auto=format&fit=crop&w=2070&q=80','[\"Wi-Fi\", \"TV\", \"Safe\", \"Bathtub\", \"Air conditioning\"]','[\"https://images.unsplash.com/photo-1611892440504-42a792e24d32?ixlib=rb-4.0.3&ixid=MnwxMjA3fDB8MHxwaG90by1wYWdlfHx8fGVufDB8fHx8&auto=format&fit=crop&w=2070&q=80\", \"https://images.unsplash.com/photo-1620626011761-996317b8d101?ixlib=rb-4.0.3&ixid=MnwxMjA3fDB8MHxwaG90by1wYWdlfHx8fGVufDB8fHx8&auto=format&fit=crop&w=2069&q=80\", \"https://images.unsplash.com/photo-1586023492125-27b2c045efd7?ixlib=rb-4.0.3&ixid=MnwxMjA3fDB8MHxwaG90by1wYWdlfHx8fGVufDB8fHx8&auto=format&fit=crop&w=1558&q=80\"]','AVAILABLE'),('R-0005','Suite','203','Comfortable room with two twin beds, a desk, and a view of the mountains.Vitae libero in veritatis officia consequuntur. Qui nobis quia repudiandae expedita eum. Pa',100.00,15,'You can cancel up to 24 hours before check-in without penalty.','https://images.unsplash.com/photo-1578683010236-d716f9a3f461?ixlib=rb-4.0.3&ixid=MnwxMjA3fDB8MHxwaG90by1wYWdlfHx8fGVufDB8fHx8&auto=format&fit=crop&w=2070&q=80','[\"Wi-Fi\", \"TV\", \"A/C\", \"Mini fridge\", \"Hair dryer\"]','[\"https://images.unsplash.com/photo-1578683010236-d716f9a3f461?ixlib=rb-4.0.3&ixid=MnwxMjA3fDB8MHxwaG90by1wYWdlfHx8fGVufDB8fHx8&auto=format&fit=crop&w=2070&q=80\", \"https://images.unsplash.com/photo-1580229080435-1c7e2ce835c1?ixlib=rb-4.0.3&ixid=MnwxMjA3fDB8MHxwaG90by1wYWdlfHx8fGVufDB8fHx8&auto=format&fit=crop&w=1064&q=80\", \"https://images.unsplash.com/photo-1600566752229-250ed79470f8?ixlib=rb-4.0.3&ixid=MnwxMjA3fDB8MHxwaG90by1wYWdlfHx8fGVufDB8fHx8&auto=format&fit=crop&w=2039&q=80\"]','BOOKED'),('R-0006','Single Bed','301','Basic room with a single bed, a wardrobe, and a small window.Vitae libero in veritatis officia consequuntur. Qui nobis quia repudiandae expedita eum. Pa',60.00,0,'You can cancel up to 24 hours before check-in without penalty.','https://images.unsplash.com/photo-1517862774645-dd398fbfaffa?ixlib=rb-4.0.3&ixid=MnwxMjA3fDB8MHxwaG90by1wYWdlfHx8fGVufDB8fHx8&auto=format&fit=crop&w=774&q=80','[\"Wi-Fi\", \"TV\", \"A/C\"]','[\"https://images.unsplash.com/photo-1517862774645-dd398fbfaffa?ixlib=rb-4.0.3&ixid=MnwxMjA3fDB8MHxwaG90by1wYWdlfHx8fGVufDB8fHx8&auto=format&fit=crop&w=774&q=80\", \"https://images.unsplash.com/photo-1552321554-5fefe8c9ef14?ixlib=rb-4.0.3&ixid=MnwxMjA3fDB8MHxwaG90by1wYWdlfHx8fGVufDB8fHx8&auto=format&fit=crop&w=774&q=80\", \"https://images.unsplash.com/photo-1486946255434-2466348c2166?ixlib=rb-4.0.3&ixid=MnwxMjA3fDB8MHxwaG90by1wYWdlfHx8fGVufDB8fHx8&auto=format&fit=crop&w=774&q=80\"]','BOOKED'),('R-0007','Double Bed','302','Spacious room with two double beds and a balcony with sea view.Vitae libero in veritatis officia consequuntur. Qui nobis quia repudiandae expedita eum. ',110.00,10,'You can cancel up to 48 hours before check-in without penalty.','https://images.unsplash.com/photo-1576354302919-96748cb8299e?ixlib=rb-4.0.3&ixid=MnwxMjA3fDB8MHxwaG90by1wYWdlfHx8fGVufDB8fHx8&auto=format&fit=crop&w=658&q=80','[\"Wi-Fi\", \"TV\", \"A/C\", \"Air conditioning\", \"Safe\"]','[\"https://images.unsplash.com/photo-1576354302919-96748cb8299e?ixlib=rb-4.0.3&ixid=MnwxMjA3fDB8MHxwaG90by1wYWdlfHx8fGVufDB8fHx8&auto=format&fit=crop&w=658&q=80\", \"https://images.unsplash.com/photo-1604014237256-11d475e2a2d8?ixlib=rb-4.0.3&ixid=MnwxMjA3fDB8MHxwaG90by1wYWdlfHx8fGVufDB8fHx8&auto=format&fit=crop&w=774&q=80\", \"https://images.unsplash.com/photo-1610123172763-1f587473048f?ixlib=rb-4.0.3&ixid=MnwxMjA3fDB8MHxwaG90by1wYWdlfHx8fGVufDB8fHx8&auto=format&fit=crop&w=1001&q=80\"]','AVAILABLE'),('R-0008','Single Bed','401','Cozy room with a single bed and a window facing the city.Vitae libero in veritatis officia consequuntur. Qui nobis quia repudiandae expedita eum. ',140.00,20,'You can cancel up to 24 hours before check-in without penalty.','https://images.unsplash.com/photo-1517862774645-dd398fbfaffa?ixlib=rb-4.0.3&ixid=MnwxMjA3fDB8MHxwaG90by1wYWdlfHx8fGVufDB8fHx8&auto=format&fit=crop&w=774&q=80','[\"Wi-Fi\", \"TV\", \"Air conditioning\"]','[\"https://images.unsplash.com/photo-1517862774645-dd398fbfaffa?ixlib=rb-4.0.3&ixid=MnwxMjA3fDB8MHxwaG90by1wYWdlfHx8fGVufDB8fHx8&auto=format&fit=crop&w=774&q=80\", \"https://images.unsplash.com/photo-1552321554-5fefe8c9ef14?ixlib=rb-4.0.3&ixid=MnwxMjA3fDB8MHxwaG90by1wYWdlfHx8fGVufDB8fHx8&auto=format&fit=crop&w=774&q=80\", \"https://images.unsplash.com/photo-1486946255434-2466348c2166?ixlib=rb-4.0.3&ixid=MnwxMjA3fDB8MHxwaG90by1wYWdlfHx8fGVufDB8fHx8&auto=format&fit=crop&w=774&q=80\"]','BOOKED'),('R-0009','Single Bed','105','Cozy room with a single bed and a window facing the city. Vitae libero in veritatis officia consequuntur. Qui nobis quia repudiandae expedita eum. ',80.00,0,'You can cancel up to 24 hours before check-in without penalty.','https://images.unsplash.com/photo-1517862774645-dd398fbfaffa?ixlib=rb-4.0.3&ixid=MnwxMjA3fDB8MHxwaG90by1wYWdlfHx8fGVufDB8fHx8&auto=format&fit=crop&w=774&q=80','[\"Wi-Fi\", \"TV\", \"Air conditioning\"]','[\"https://images.unsplash.com/photo-1517862774645-dd398fbfaffa?ixlib=rb-4.0.3&ixid=MnwxMjA3fDB8MHxwaG90by1wYWdlfHx8fGVufDB8fHx8&auto=format&fit=crop&w=774&q=80\", \"https://images.unsplash.com/photo-1552321554-5fefe8c9ef14?ixlib=rb-4.0.3&ixid=MnwxMjA3fDB8MHxwaG90by1wYWdlfHx8fGVufDB8fHx8&auto=format&fit=crop&w=774&q=80\", \"https://images.unsplash.com/photo-1486946255434-2466348c2166?ixlib=rb-4.0.3&ixid=MnwxMjA3fDB8MHxwaG90by1wYWdlfHx8fGVufDB8fHx8&auto=format&fit=crop&w=774&q=80\"]','AVAILABLE'),('R-0010','Single Bed','107','Cozy room with a single bed and a window facing the city. Vitae libero in veritatis officia consequuntur. Qui nobis quia repudiandae expedita eum. ',80.00,0,'You can cancel up to 24 hours before check-in without penalty.','https://images.unsplash.com/photo-1517862774645-dd398fbfaffa?ixlib=rb-4.0.3&ixid=MnwxMjA3fDB8MHxwaG90by1wYWdlfHx8fGVufDB8fHx8&auto=format&fit=crop&w=774&q=80','[\"Wi-Fi\", \"TV\", \"Air conditioning\"]','[\"https://images.unsplash.com/photo-1517862774645-dd398fbfaffa?ixlib=rb-4.0.3&ixid=MnwxMjA3fDB8MHxwaG90by1wYWdlfHx8fGVufDB8fHx8&auto=format&fit=crop&w=774&q=80\", \"https://images.unsplash.com/photo-1552321554-5fefe8c9ef14?ixlib=rb-4.0.3&ixid=MnwxMjA3fDB8MHxwaG90by1wYWdlfHx8fGVufDB8fHx8&auto=format&fit=crop&w=774&q=80\"]','AVAILABLE'),('R-0011','Single Bed','119','Cozy room with a single bed and a window facing the city. Vitae libero in veritatis officia consequuntur. Qui nobis quia repudiandae expedita eum. ',80.00,0,'You can cancel up to 24 hours before check-in without penalty.','https://images.unsplash.com/photo-1517862774645-dd398fbfaffa?ixlib=rb-4.0.3&ixid=MnwxMjA3fDB8MHxwaG90by1wYWdlfHx8fGVufDB8fHx8&auto=format&fit=crop&w=774&q=80','[\"Wi-Fi\", \"TV\", \"Air conditioning\"]','[\"https://images.unsplash.com/photo-1517862774645-dd398fbfaffa?ixlib=rb-4.0.3&ixid=MnwxMjA3fDB8MHxwaG90by1wYWdlfHx8fGVufDB8fHx8&auto=format&fit=crop&w=774&q=80\", \"https://images.unsplash.com/photo-1552321554-5fefe8c9ef14?ixlib=rb-4.0.3&ixid=MnwxMjA3fDB8MHxwaG90by1wYWdlfHx8fGVufDB8fHx8&auto=format&fit=crop&w=774&q=80\", \"https://images.unsplash.com/photo-1552321554-5fefe8c9ef14?ixlib=rb-4.0.3&ixid=MnwxMjA3fDB8MHxwaG90by1wYWdlfHx8fGVufDB8fHx8&auto=format&fit=crop&w=774&q=80\"]','AVAILABLE'),('R-0012','Single Bed','120','Cozy room with a single bed and a window facing the city. Vitae libero in veritatis officia consequuntur. Qui nobis quia repudiandae expedita eum. ',80.00,0,'You can cancel up to 24 hours before check-in without penalty.','https://images.unsplash.com/photo-1517862774645-dd398fbfaffa?ixlib=rb-4.0.3&ixid=MnwxMjA3fDB8MHxwaG90by1wYWdlfHx8fGVufDB8fHx8&auto=format&fit=crop&w=774&q=80','[\"Wi-Fi\", \"TV\", \"Air conditioning\"]','[\"https://images.unsplash.com/photo-1517862774645-dd398fbfaffa?ixlib=rb-4.0.3&ixid=MnwxMjA3fDB8MHxwaG90by1wYWdlfHx8fGVufDB8fHx8&auto=format&fit=crop&w=774&q=80\", \"https://images.unsplash.com/photo-1552321554-5fefe8c9ef14?ixlib=rb-4.0.3&ixid=MnwxMjA3fDB8MHxwaG90by1wYWdlfHx8fGVufDB8fHx8&auto=format&fit=crop&w=774&q=80\", \"https://images.unsplash.com/photo-1552321554-5fefe8c9ef14?ixlib=rb-4.0.3&ixid=MnwxMjA3fDB8MHxwaG90by1wYWdlfHx8fGVufDB8fHx8&auto=format&fit=crop&w=774&q=80\"]','AVAILABLE'),('R-0013','Suite','170','Vitae libero in veritatis officia consequuntur. Qui nobis quia repudiandae expedita eum. Pariatur architecto totam excepturi quos commodi vero.',320.00,41,'You can cancel up to 1 week before check-in without penalty.','https://images.unsplash.com/photo-1578683010236-d716f9a3f461?ixlib=rb-4.0.3&ixid=MnwxMjA3fDB8MHxwaG90by1wYWdlfHx8fGVufDB8fHx8&auto=format&fit=crop&w=2070&q=80','[\"Wi-Fi\", \"TV\", \"Kitchen\", \"Hair dryer\", \"Air conditioning\", \"Bathtub\", \"Safe\"]','[\"https://images.unsplash.com/photo-1578683010236-d716f9a3f461?ixlib=rb-4.0.3&ixid=MnwxMjA3fDB8MHxwaG90by1wYWdlfHx8fGVufDB8fHx8&auto=format&fit=crop&w=2070&q=80\", \"https://images.unsplash.com/photo-1580229080435-1c7e2ce835c1?ixlib=rb-4.0.3&ixid=MnwxMjA3fDB8MHxwaG90by1wYWdlfHx8fGVufDB8fHx8&auto=format&fit=crop&w=1064&q=80\", \"https://images.unsplash.com/photo-1600566752229-250ed79470f8?ixlib=rb-4.0.3&ixid=MnwxMjA3fDB8MHxwaG90by1wYWdlfHx8fGVufDB8fHx8&auto=format&fit=crop&w=2039&q=80\"]','AVAILABLE'),('R-0014','Suite','348','Fugit consequuntur amet tempora repudiandae. Debitis voluptas voluptate qui. Doloremque debitis aperiam sit aliquid.',299.00,20,'You can cancel up to 1 week before check-in without penalty.','https://images.unsplash.com/photo-1578683010236-d716f9a3f461?ixlib=rb-4.0.3&ixid=MnwxMjA3fDB8MHxwaG90by1wYWdlfHx8fGVufDB8fHx8&auto=format&fit=crop&w=2070&q=80','[\"Wi-Fi\", \"TV\", \"Kitchen\", \"Hair dryer\", \"Air conditioning\", \"Bathtub\", \"Safe\"]','[\"https://images.unsplash.com/photo-1578683010236-d716f9a3f461?ixlib=rb-4.0.3&ixid=MnwxMjA3fDB8MHxwaG90by1wYWdlfHx8fGVufDB8fHx8&auto=format&fit=crop&w=2070&q=80\", \"https://images.unsplash.com/photo-1580229080435-1c7e2ce835c1?ixlib=rb-4.0.3&ixid=MnwxMjA3fDB8MHxwaG90by1wYWdlfHx8fGVufDB8fHx8&auto=format&fit=crop&w=1064&q=80\", \"https://images.unsplash.com/photo-1600566752229-250ed79470f8?ixlib=rb-4.0.3&ixid=MnwxMjA3fDB8MHxwaG90by1wYWdlfHx8fGVufDB8fHx8&auto=format&fit=crop&w=2039&q=80\"]','BOOKED'),('R-0015','Double Superior','470','Repellendus itaque ipsum sint sit officiis nesciunt omnis sit. Qui facilis aperiam iure fugit. Odit suscipit deserunt vero.',376.00,11,'You can cancel up to 72 hours before check-in without penalty.','https://images.unsplash.com/photo-1611892440504-42a792e24d32?ixlib=rb-4.0.3&ixid=MnwxMjA3fDB8MHxwaG90by1wYWdlfHx8fGVufDB8fHx8&auto=format&fit=crop&w=2070&q=80','[\"Wi-Fi\", \"TV\", \"Safe\", \"Bathtub\", \"Air conditioning\"]','[\"https://images.unsplash.com/photo-1611892440504-42a792e24d32?ixlib=rb-4.0.3&ixid=MnwxMjA3fDB8MHxwaG90by1wYWdlfHx8fGVufDB8fHx8&auto=format&fit=crop&w=2070&q=80\", \"https://images.unsplash.com/photo-1620626011761-996317b8d101?ixlib=rb-4.0.3&ixid=MnwxMjA3fDB8MHxwaG90by1wYWdlfHx8fGVufDB8fHx8&auto=format&fit=crop&w=2069&q=80\", \"https://images.unsplash.com/photo-1586023492125-27b2c045efd7?ixlib=rb-4.0.3&ixid=MnwxMjA3fDB8MHxwaG90by1wYWdlfHx8fGVufDB8fHx8&auto=format&fit=crop&w=1558&q=80\"]','AVAILABLE'),('R-0016','Double Superior','427','Quod in unde nam eos. Doloremque a architecto itaque. Rerum exercitationem id enim sint ab officiis porro.',32.00,25,'You can cancel up to 72 hours before check-in without penalty.','https://images.unsplash.com/photo-1611892440504-42a792e24d32?ixlib=rb-4.0.3&ixid=MnwxMjA3fDB8MHxwaG90by1wYWdlfHx8fGVufDB8fHx8&auto=format&fit=crop&w=2070&q=80','[\"Wi-Fi\", \"TV\", \"Safe\", \"Bathtub\", \"Air conditioning\"]','[\"https://images.unsplash.com/photo-1611892440504-42a792e24d32?ixlib=rb-4.0.3&ixid=MnwxMjA3fDB8MHxwaG90by1wYWdlfHx8fGVufDB8fHx8&auto=format&fit=crop&w=2070&q=80\", \"https://images.unsplash.com/photo-1620626011761-996317b8d101?ixlib=rb-4.0.3&ixid=MnwxMjA3fDB8MHxwaG90by1wYWdlfHx8fGVufDB8fHx8&auto=format&fit=crop&w=2069&q=80\", \"https://images.unsplash.com/photo-1586023492125-27b2c045efd7?ixlib=rb-4.0.3&ixid=MnwxMjA3fDB8MHxwaG90by1wYWdlfHx8fGVufDB8fHx8&auto=format&fit=crop&w=1558&q=80\"]','AVAILABLE'),('R-0017','Single Bed','397','Labore quia voluptates eligendi accusantium dolore error. Ipsam quia nostrum possimus modi temporibus deserunt. Placeat nobis accusamus.',385.00,4,'You can cancel up to 24 hours before check-in without penalty.','https://images.unsplash.com/photo-1619011502686-b512e3989a33?ixlib=rb-4.0.3&ixid=MnwxMjA3fDB8MHxwaG90by1wYWdlfHx8fGVufDB8fHx8&auto=format&fit=crop&w=3087&q=80','[\"Wi-Fi\", \"TV\", \"Air conditioning\"]','[\"https://images.unsplash.com/photo-1619011502686-b512e3989a33?ixlib=rb-4.0.3&ixid=MnwxMjA3fDB8MHxwaG90by1wYWdlfHx8fGVufDB8fHx8&auto=format&fit=crop&w=3087&q=80\", \"https://images.unsplash.com/photo-1552321554-5fefe8c9ef14?ixlib=rb-4.0.3&ixid=MnwxMjA3fDB8MHxwaG90by1wYWdlfHx8fGVufDB8fHx8&auto=format&fit=crop&w=774&q=80\", \"https://images.unsplash.com/photo-1486946255434-2466348c2166?ixlib=rb-4.0.3&ixid=MnwxMjA3fDB8MHxwaG90by1wYWdlfHx8fGVufDB8fHx8&auto=format&fit=crop&w=774&q=80\"]','BOOKED'),('R-0018','Suite','292','Commodi corporis placeat ea. Animi accusantium animi modi necessitatibus. Saepe eligendi eligendi vitae et quibusdam.',185.00,12,'You can cancel up to 1 week before check-in without penalty.','https://images.unsplash.com/photo-1578683010236-d716f9a3f461?ixlib=rb-4.0.3&ixid=MnwxMjA3fDB8MHxwaG90by1wYWdlfHx8fGVufDB8fHx8&auto=format&fit=crop&w=2070&q=80','[\"Wi-Fi\", \"TV\", \"Kitchen\", \"Hair dryer\", \"Air conditioning\", \"Bathtub\", \"Safe\"]','[\"https://images.unsplash.com/photo-1578683010236-d716f9a3f461?ixlib=rb-4.0.3&ixid=MnwxMjA3fDB8MHxwaG90by1wYWdlfHx8fGVufDB8fHx8&auto=format&fit=crop&w=2070&q=80\", \"https://images.unsplash.com/photo-1580229080435-1c7e2ce835c1?ixlib=rb-4.0.3&ixid=MnwxMjA3fDB8MHxwaG90by1wYWdlfHx8fGVufDB8fHx8&auto=format&fit=crop&w=1064&q=80\", \"https://images.unsplash.com/photo-1600566752229-250ed79470f8?ixlib=rb-4.0.3&ixid=MnwxMjA3fDB8MHxwaG90by1wYWdlfHx8fGVufDB8fHx8&auto=format&fit=crop&w=2039&q=80\"]','BOOKED'),('R-0019','Suite','286','Numquam in vitae reiciendis blanditiis labore dolor. Consequuntur vitae sequi temporibus nesciunt fugiat. Laborum similique impedit mollitia quidem.',380.00,8,'You can cancel up to 1 week before check-in without penalty.','https://images.unsplash.com/photo-1578683010236-d716f9a3f461?ixlib=rb-4.0.3&ixid=MnwxMjA3fDB8MHxwaG90by1wYWdlfHx8fGVufDB8fHx8&auto=format&fit=crop&w=2070&q=80','[\"Wi-Fi\", \"TV\", \"Kitchen\", \"Hair dryer\", \"Air conditioning\", \"Bathtub\", \"Safe\"]','[\"https://images.unsplash.com/photo-1578683010236-d716f9a3f461?ixlib=rb-4.0.3&ixid=MnwxMjA3fDB8MHxwaG90by1wYWdlfHx8fGVufDB8fHx8&auto=format&fit=crop&w=2070&q=80\", \"https://images.unsplash.com/photo-1580229080435-1c7e2ce835c1?ixlib=rb-4.0.3&ixid=MnwxMjA3fDB8MHxwaG90by1wYWdlfHx8fGVufDB8fHx8&auto=format&fit=crop&w=1064&q=80\", \"https://images.unsplash.com/photo-1600566752229-250ed79470f8?ixlib=rb-4.0.3&ixid=MnwxMjA3fDB8MHxwaG90by1wYWdlfHx8fGVufDB8fHx8&auto=format&fit=crop&w=2039&q=80\"]','AVAILABLE'),('R-0020','Double Bed','146','Illo aperiam atque. Qui eveniet blanditiis tempora neque. Distinctio veniam itaque veniam nam est eaque. Vitae libero in veritatis officia consequuntur. Qui nobis quia repudiandae expedita eum.',177.00,47,'You can cancel up to 48 hours before check-in without penalty.','https://images.unsplash.com/photo-1576354302919-96748cb8299e?ixlib=rb-4.0.3&ixid=MnwxMjA3fDB8MHxwaG90by1wYWdlfHx8fGVufDB8fHx8&auto=format&fit=crop&w=658&q=80','[\"Wi-Fi\", \"TV\", \"A/C\", \"Air conditioning\", \"Safe\"]','[\"https://images.unsplash.com/photo-1576354302919-96748cb8299e?ixlib=rb-4.0.3&ixid=MnwxMjA3fDB8MHxwaG90by1wYWdlfHx8fGVufDB8fHx8&auto=format&fit=crop&w=658&q=80\", \"https://images.unsplash.com/photo-1604014237256-11d475e2a2d8?ixlib=rb-4.0.3&ixid=MnwxMjA3fDB8MHxwaG90by1wYWdlfHx8fGVufDB8fHx8&auto=format&fit=crop&w=774&q=80\", \"https://plus.unsplash.com/premium_photo-1676320514027-c3259eb9a73a?ixlib=rb-4.0.3&ixid=MnwxMjA3fDB8MHxwaG90by1wYWdlfHx8fGVufDB8fHx8&auto=format&fit=crop&w=774&q=80\"]','BOOKED'),('R-0021','Double Superior','433','Placeat enim adipisci fuga vitae. Quam pariatur quis doloremque assumenda dignissimos molestiae. Corporis magnam et ullam alias culpa fugit qui.',88.00,32,'You can cancel up to 72 hours before check-in without penalty.','https://images.unsplash.com/photo-1611892440504-42a792e24d32?ixlib=rb-4.0.3&ixid=MnwxMjA3fDB8MHxwaG90by1wYWdlfHx8fGVufDB8fHx8&auto=format&fit=crop&w=2070&q=80','[\"Wi-Fi\", \"TV\", \"Safe\", \"Bathtub\", \"Air conditioning\"]','[\"https://images.unsplash.com/photo-1611892440504-42a792e24d32?ixlib=rb-4.0.3&ixid=MnwxMjA3fDB8MHxwaG90by1wYWdlfHx8fGVufDB8fHx8&auto=format&fit=crop&w=2070&q=80\", \"https://images.unsplash.com/photo-1620626011761-996317b8d101?ixlib=rb-4.0.3&ixid=MnwxMjA3fDB8MHxwaG90by1wYWdlfHx8fGVufDB8fHx8&auto=format&fit=crop&w=2069&q=80\", \"https://images.unsplash.com/photo-1586023492125-27b2c045efd7?ixlib=rb-4.0.3&ixid=MnwxMjA3fDB8MHxwaG90by1wYWdlfHx8fGVufDB8fHx8&auto=format&fit=crop&w=1558&q=80\"]','BOOKED'),('R-0022','Single Bed','227','Similique est ducimus dolore soluta. Voluptatum ducimus enim non magni. Itaque vitae expedita quasi aspernatur nisi rerum dolor inventore magni.',403.00,27,'You can cancel up to 24 hours before check-in without penalty.','https://images.unsplash.com/photo-1619011502686-b512e3989a33?ixlib=rb-4.0.3&ixid=MnwxMjA3fDB8MHxwaG90by1wYWdlfHx8fGVufDB8fHx8&auto=format&fit=crop&w=3087&q=80','[\"Wi-Fi\", \"TV\", \"Air conditioning\"]','[\"https://images.unsplash.com/photo-1619011502686-b512e3989a33?ixlib=rb-4.0.3&ixid=MnwxMjA3fDB8MHxwaG90by1wYWdlfHx8fGVufDB8fHx8&auto=format&fit=crop&w=3087&q=80\", \"https://images.unsplash.com/photo-1552321554-5fefe8c9ef14?ixlib=rb-4.0.3&ixid=MnwxMjA3fDB8MHxwaG90by1wYWdlfHx8fGVufDB8fHx8&auto=format&fit=crop&w=774&q=80\", \"https://images.unsplash.com/photo-1486946255434-2466348c2166?ixlib=rb-4.0.3&ixid=MnwxMjA3fDB8MHxwaG90by1wYWdlfHx8fGVufDB8fHx8&auto=format&fit=crop&w=774&q=80\"]','AVAILABLE'),('R-0023','Double Bed','175','Alias quia excepturi mollitia minima fuga placeat quaerat blanditiis voluptate. Fugit facere sapiente voluptatibus quasi doloremque iure. At saepe voluptas eius iste in.',495.00,37,'You can cancel up to 48 hours before check-in without penalty.','https://images.unsplash.com/photo-1576354302919-96748cb8299e?ixlib=rb-4.0.3&ixid=MnwxMjA3fDB8MHxwaG90by1wYWdlfHx8fGVufDB8fHx8&auto=format&fit=crop&w=658&q=80','[\"Wi-Fi\", \"TV\", \"A/C\", \"Air conditioning\", \"Safe\"]','[\"https://images.unsplash.com/photo-1576354302919-96748cb8299e?ixlib=rb-4.0.3&ixid=MnwxMjA3fDB8MHxwaG90by1wYWdlfHx8fGVufDB8fHx8&auto=format&fit=crop&w=658&q=80\", \"https://images.unsplash.com/photo-1604014237256-11d475e2a2d8?ixlib=rb-4.0.3&ixid=MnwxMjA3fDB8MHxwaG90by1wYWdlfHx8fGVufDB8fHx8&auto=format&fit=crop&w=774&q=80\", \"https://plus.unsplash.com/premium_photo-1676320514027-c3259eb9a73a?ixlib=rb-4.0.3&ixid=MnwxMjA3fDB8MHxwaG90by1wYWdlfHx8fGVufDB8fHx8&auto=format&fit=crop&w=774&q=80\"]','BOOKED'),('R-0024','Double Bed','302','Cumque nihil temporibus error autem. Fugit maiores beatae voluptates velit. Dolorem soluta ullam consequuntur sit totam commodi et voluptates.',73.00,44,'You can cancel up to 48 hours before check-in without penalty.','https://images.unsplash.com/photo-1576354302919-96748cb8299e?ixlib=rb-4.0.3&ixid=MnwxMjA3fDB8MHxwaG90by1wYWdlfHx8fGVufDB8fHx8&auto=format&fit=crop&w=658&q=80','[\"Wi-Fi\", \"TV\", \"A/C\", \"Air conditioning\", \"Safe\"]','[\"https://images.unsplash.com/photo-1576354302919-96748cb8299e?ixlib=rb-4.0.3&ixid=MnwxMjA3fDB8MHxwaG90by1wYWdlfHx8fGVufDB8fHx8&auto=format&fit=crop&w=658&q=80\", \"https://images.unsplash.com/photo-1604014237256-11d475e2a2d8?ixlib=rb-4.0.3&ixid=MnwxMjA3fDB8MHxwaG90by1wYWdlfHx8fGVufDB8fHx8&auto=format&fit=crop&w=774&q=80\", \"https://plus.unsplash.com/premium_photo-1676320514027-c3259eb9a73a?ixlib=rb-4.0.3&ixid=MnwxMjA3fDB8MHxwaG90by1wYWdlfHx8fGVufDB8fHx8&auto=format&fit=crop&w=774&q=80\"]','AVAILABLE'),('R-0025','Suite','189','Perspiciatis maxime incidunt saepe mollitia ullam in sunt. Unde consequatur numquam blanditiis aperiam ut. Corrupti inventore alias delectus at hic quis cumque.',427.00,32,'You can cancel up to 1 week before check-in without penalty.','https://images.unsplash.com/photo-1578683010236-d716f9a3f461?ixlib=rb-4.0.3&ixid=MnwxMjA3fDB8MHxwaG90by1wYWdlfHx8fGVufDB8fHx8&auto=format&fit=crop&w=2070&q=80','[\"Wi-Fi\", \"TV\", \"Kitchen\", \"Hair dryer\", \"Air conditioning\", \"Bathtub\", \"Safe\"]','[\"https://images.unsplash.com/photo-1578683010236-d716f9a3f461?ixlib=rb-4.0.3&ixid=MnwxMjA3fDB8MHxwaG90by1wYWdlfHx8fGVufDB8fHx8&auto=format&fit=crop&w=2070&q=80\", \"https://images.unsplash.com/photo-1580229080435-1c7e2ce835c1?ixlib=rb-4.0.3&ixid=MnwxMjA3fDB8MHxwaG90by1wYWdlfHx8fGVufDB8fHx8&auto=format&fit=crop&w=1064&q=80\", \"https://images.unsplash.com/photo-1600566752229-250ed79470f8?ixlib=rb-4.0.3&ixid=MnwxMjA3fDB8MHxwaG90by1wYWdlfHx8fGVufDB8fHx8&auto=format&fit=crop&w=2039&q=80\"]','AVAILABLE'),('R-0026','Double Superior','118','Eius minima eaque magni distinctio voluptas ipsum. Assumenda amet mollitia. Modi tempore fugiat repudiandae quibusdam voluptate reprehenderit repellendus.',369.00,9,'You can cancel up to 72 hours before check-in without penalty.','https://images.unsplash.com/photo-1611892440504-42a792e24d32?ixlib=rb-4.0.3&ixid=MnwxMjA3fDB8MHxwaG90by1wYWdlfHx8fGVufDB8fHx8&auto=format&fit=crop&w=2070&q=80','[\"Wi-Fi\", \"TV\", \"Safe\", \"Bathtub\", \"Air conditioning\"]','[\"https://images.unsplash.com/photo-1611892440504-42a792e24d32?ixlib=rb-4.0.3&ixid=MnwxMjA3fDB8MHxwaG90by1wYWdlfHx8fGVufDB8fHx8&auto=format&fit=crop&w=2070&q=80\", \"https://images.unsplash.com/photo-1620626011761-996317b8d101?ixlib=rb-4.0.3&ixid=MnwxMjA3fDB8MHxwaG90by1wYWdlfHx8fGVufDB8fHx8&auto=format&fit=crop&w=2069&q=80\", \"https://images.unsplash.com/photo-1586023492125-27b2c045efd7?ixlib=rb-4.0.3&ixid=MnwxMjA3fDB8MHxwaG90by1wYWdlfHx8fGVufDB8fHx8&auto=format&fit=crop&w=1558&q=80\"]','AVAILABLE'),('R-0027','Suite','237','Aut ipsa doloribus corporis nihil temporibus iste officia magnam. Asperiores eius perspiciatis eveniet minus repellendus sed vero debitis. Ab cupiditate recusandae unde voluptatem numquam aliquid sapiente.',72.00,41,'You can cancel up to 1 week before check-in without penalty.','https://images.unsplash.com/photo-1578683010236-d716f9a3f461?ixlib=rb-4.0.3&ixid=MnwxMjA3fDB8MHxwaG90by1wYWdlfHx8fGVufDB8fHx8&auto=format&fit=crop&w=2070&q=80','[\"Wi-Fi\", \"TV\", \"Kitchen\", \"Hair dryer\", \"Air conditioning\", \"Bathtub\", \"Safe\"]','[\"https://images.unsplash.com/photo-1578683010236-d716f9a3f461?ixlib=rb-4.0.3&ixid=MnwxMjA3fDB8MHxwaG90by1wYWdlfHx8fGVufDB8fHx8&auto=format&fit=crop&w=2070&q=80\", \"https://images.unsplash.com/photo-1580229080435-1c7e2ce835c1?ixlib=rb-4.0.3&ixid=MnwxMjA3fDB8MHxwaG90by1wYWdlfHx8fGVufDB8fHx8&auto=format&fit=crop&w=1064&q=80\", \"https://images.unsplash.com/photo-1600566752229-250ed79470f8?ixlib=rb-4.0.3&ixid=MnwxMjA3fDB8MHxwaG90by1wYWdlfHx8fGVufDB8fHx8&auto=format&fit=crop&w=2039&q=80\"]','AVAILABLE'),('R-0028','Double Bed','406','Tempora recusandae expedita veniam dolore necessitatibus aliquam earum. Est earum excepturi exercitationem tempore nam incidunt doloribus mollitia eum. Inventore enim perferendis quae corporis.',283.00,5,'You can cancel up to 48 hours before check-in without penalty.','https://images.unsplash.com/photo-1576354302919-96748cb8299e?ixlib=rb-4.0.3&ixid=MnwxMjA3fDB8MHxwaG90by1wYWdlfHx8fGVufDB8fHx8&auto=format&fit=crop&w=658&q=80','[\"Wi-Fi\", \"TV\", \"A/C\", \"Air conditioning\", \"Safe\"]','[\"https://images.unsplash.com/photo-1576354302919-96748cb8299e?ixlib=rb-4.0.3&ixid=MnwxMjA3fDB8MHxwaG90by1wYWdlfHx8fGVufDB8fHx8&auto=format&fit=crop&w=658&q=80\", \"https://images.unsplash.com/photo-1604014237256-11d475e2a2d8?ixlib=rb-4.0.3&ixid=MnwxMjA3fDB8MHxwaG90by1wYWdlfHx8fGVufDB8fHx8&auto=format&fit=crop&w=774&q=80\", \"https://plus.unsplash.com/premium_photo-1676320514027-c3259eb9a73a?ixlib=rb-4.0.3&ixid=MnwxMjA3fDB8MHxwaG90by1wYWdlfHx8fGVufDB8fHx8&auto=format&fit=crop&w=774&q=80\"]','BOOKED'),('R-0029','Double Superior','166','Pariatur nemo error deserunt explicabo qui ab ex explicabo provident. Hic ex quae nam aut. Voluptates libero vitae eius.',389.00,11,'You can cancel up to 72 hours before check-in without penalty.','https://images.unsplash.com/photo-1611892440504-42a792e24d32?ixlib=rb-4.0.3&ixid=MnwxMjA3fDB8MHxwaG90by1wYWdlfHx8fGVufDB8fHx8&auto=format&fit=crop&w=2070&q=80','[\"Wi-Fi\", \"TV\", \"Safe\", \"Bathtub\", \"Air conditioning\"]','[\"https://images.unsplash.com/photo-1611892440504-42a792e24d32?ixlib=rb-4.0.3&ixid=MnwxMjA3fDB8MHxwaG90by1wYWdlfHx8fGVufDB8fHx8&auto=format&fit=crop&w=2070&q=80\", \"https://images.unsplash.com/photo-1620626011761-996317b8d101?ixlib=rb-4.0.3&ixid=MnwxMjA3fDB8MHxwaG90by1wYWdlfHx8fGVufDB8fHx8&auto=format&fit=crop&w=2069&q=80\", \"https://images.unsplash.com/photo-1586023492125-27b2c045efd7?ixlib=rb-4.0.3&ixid=MnwxMjA3fDB8MHxwaG90by1wYWdlfHx8fGVufDB8fHx8&auto=format&fit=crop&w=1558&q=80\"]','AVAILABLE'),('R-0030','Single Bed','282','Aliquid ipsum similique alias tempore. Sed laudantium explicabo recusandae beatae consectetur nemo labore rerum excepturi. Laboriosam ut a deleniti minima id nemo iste impedit minima.',116.00,0,'You can cancel up to 24 hours before check-in without penalty.','https://images.unsplash.com/photo-1619011502686-b512e3989a33?ixlib=rb-4.0.3&ixid=MnwxMjA3fDB8MHxwaG90by1wYWdlfHx8fGVufDB8fHx8&auto=format&fit=crop&w=3087&q=80','[\"Wi-Fi\", \"TV\", \"Air conditioning\"]','[\"https://images.unsplash.com/photo-1619011502686-b512e3989a33?ixlib=rb-4.0.3&ixid=MnwxMjA3fDB8MHxwaG90by1wYWdlfHx8fGVufDB8fHx8&auto=format&fit=crop&w=3087&q=80\", \"https://images.unsplash.com/photo-1552321554-5fefe8c9ef14?ixlib=rb-4.0.3&ixid=MnwxMjA3fDB8MHxwaG90by1wYWdlfHx8fGVufDB8fHx8&auto=format&fit=crop&w=774&q=80\", \"https://images.unsplash.com/photo-1486946255434-2466348c2166?ixlib=rb-4.0.3&ixid=MnwxMjA3fDB8MHxwaG90by1wYWdlfHx8fGVufDB8fHx8&auto=format&fit=crop&w=774&q=80\"]','BOOKED'),('R-0031','Suite','405','Dolor accusantium asperiores minus velit. Sint autem consectetur architecto asperiores eos. Numquam natus id quod.',191.00,44,'You can cancel up to 1 week before check-in without penalty.','https://images.unsplash.com/photo-1578683010236-d716f9a3f461?ixlib=rb-4.0.3&ixid=MnwxMjA3fDB8MHxwaG90by1wYWdlfHx8fGVufDB8fHx8&auto=format&fit=crop&w=2070&q=80','[\"Wi-Fi\", \"TV\", \"Kitchen\", \"Hair dryer\", \"Air conditioning\", \"Bathtub\", \"Safe\"]','[\"https://images.unsplash.com/photo-1578683010236-d716f9a3f461?ixlib=rb-4.0.3&ixid=MnwxMjA3fDB8MHxwaG90by1wYWdlfHx8fGVufDB8fHx8&auto=format&fit=crop&w=2070&q=80\", \"https://images.unsplash.com/photo-1580229080435-1c7e2ce835c1?ixlib=rb-4.0.3&ixid=MnwxMjA3fDB8MHxwaG90by1wYWdlfHx8fGVufDB8fHx8&auto=format&fit=crop&w=1064&q=80\", \"https://images.unsplash.com/photo-1600566752229-250ed79470f8?ixlib=rb-4.0.3&ixid=MnwxMjA3fDB8MHxwaG90by1wYWdlfHx8fGVufDB8fHx8&auto=format&fit=crop&w=2039&q=80\"]','BOOKED'),('R-0032','Single Bed','104','Sequi itaque deleniti ipsam inventore et. Est facilis fuga. Molestiae ipsa quas consequatur possimus at.',181.00,48,'You can cancel up to 24 hours before check-in without penalty.','https://images.unsplash.com/photo-1619011502686-b512e3989a33?ixlib=rb-4.0.3&ixid=MnwxMjA3fDB8MHxwaG90by1wYWdlfHx8fGVufDB8fHx8&auto=format&fit=crop&w=3087&q=80','[\"Wi-Fi\", \"TV\", \"Air conditioning\"]','[\"https://images.unsplash.com/photo-1619011502686-b512e3989a33?ixlib=rb-4.0.3&ixid=MnwxMjA3fDB8MHxwaG90by1wYWdlfHx8fGVufDB8fHx8&auto=format&fit=crop&w=3087&q=80\", \"https://images.unsplash.com/photo-1552321554-5fefe8c9ef14?ixlib=rb-4.0.3&ixid=MnwxMjA3fDB8MHxwaG90by1wYWdlfHx8fGVufDB8fHx8&auto=format&fit=crop&w=774&q=80\", \"https://images.unsplash.com/photo-1486946255434-2466348c2166?ixlib=rb-4.0.3&ixid=MnwxMjA3fDB8MHxwaG90by1wYWdlfHx8fGVufDB8fHx8&auto=format&fit=crop&w=774&q=80\"]','BOOKED');
/*!40000 ALTER TABLE `rooms` ENABLE KEYS */;
UNLOCK TABLES;

--
-- Table structure for table `users`
--

DROP TABLE IF EXISTS `users`;
/*!40101 SET @saved_cs_client     = @@character_set_client */;
/*!50503 SET character_set_client = utf8mb4 */;
CREATE TABLE `users` (
  `id` varchar(6) NOT NULL,
  `photo` text NOT NULL,
  `name` text NOT NULL,
  `email` varchar(255) NOT NULL,
  `phone` varchar(255) NOT NULL,
  `startDate` varchar(10) NOT NULL,
  `state` enum('ACTIVE','INACTIVE') NOT NULL,
  `password` varchar(255) NOT NULL,
  `jobDescription` text NOT NULL,
  `position` enum('Manager','Receptionist','Room Service','Administrator') NOT NULL,
  PRIMARY KEY (`id`),
  UNIQUE KEY `email` (`email`)
) ENGINE=InnoDB DEFAULT CHARSET=utf8mb4 COLLATE=utf8mb4_0900_ai_ci;
/*!40101 SET character_set_client = @saved_cs_client */;

--
-- Dumping data for table `users`
--

LOCK TABLES `users` WRITE;
/*!40000 ALTER TABLE `users` DISABLE KEYS */;
INSERT INTO `users` VALUES ('U-0001','https://cdn.pixabay.com/photo/2022/06/05/07/04/person-7243410_1280.png','Admin','admin@admin.com','-','03/15/1900','ACTIVE','$2b$10$PZbfex1juhEiR4d5JjOpIe6czT1eH8CjBuBcOzSiKNJEEnoC4n9v6','Dashboard Managing Account','Administrator'),('U-0002','https://randomuser.me/api/portraits/men/49.jpg','John Smith','john.smith@example.com','11234567890','03/15/2022','INACTIVE','$2b$10$EYir17HweiZB/8GWEjKVQOktJgca.7Dc9lzuN9vdv4YIClw8nS8Mq','Responsible for the hotel\'s daily management.','Manager'),('U-0003','https://randomuser.me/api/portraits/women/14.jpg','Sarah Johnson','sarah.johnson@example.com','11234567890','09/01/2021','ACTIVE','$2b$10$pSnh3EWxgltaK8VqUvPPY.Ozuaii/.qcr1QcNvzYT3yuK0FFR4u3y','Responsible for greeting guests and checking them in and out of the hotel.','Receptionist'),('U-0004','https://randomuser.me/api/portraits/women/44.jpg','Kwong Lee','david.lee@example.com','11234567890','11/15/2021','ACTIVE','$2b$10$ycuh8sj4e2.Y.J0E0NtdE.Cf6UmE5mrMNEhI9.3uJj7KGArBAms.i','Responsible for delivering food and beverages to guest rooms.','Room Service'),('U-0005','https://cdnstorage.sendbig.com/unreal/female.webp','Karen Davis','karen.davis@example.com','11234567890','01/10/2022','INACTIVE','$2b$10$dMXwSQb/6vD2HDZNuJ5yfeEzO1X3kdCQyQ/t4kLoju8XBvAdKDsJi','Responsible for managing hotel staff and overseeing hotel operations.','Manager'),('U-0006','https://randomuser.me/api/portraits/men/11.jpg','Michael Brown','michael.brown@example.com','11234567890','07/05/2021','INACTIVE','$2b$10$PA/suxXu9oraJo.ChJ0CaOpwg01YNBwdDpxH/ITeJMtbFMA.QbvRu','Responsible for answering phone calls, making reservations, and providing information to guests.','Receptionist'),('U-0007','https://randomuser.me/api/portraits/women/43.jpg','Jennifer Wilson','jennifer.wilson@example.com','11234567890','02/28/2022','ACTIVE','$2b$10$9.jcUpHUFWatVd0Uim1lW.emlRuwRoOXLzYSaCJWLMfp8gIZ.06.6','Responsible for preparing and delivering food and beverages to guest rooms.','Room Service'),('U-0008','https://randomuser.me/api/portraits/men/20.jpg','Daniel Hernandez','daniel.hernandez@example.com','11234567890','12/01/2021','ACTIVE','$2b$10$7YJDgNpTpcpPVEH8iEXRBu5w6wQw16SwrUGC9KzzlDFOwWPcXmfjG','Responsible for overseeing hotel operations and ensuring guest satisfaction.','Manager'),('U-0009','https://randomuser.me/api/portraits/women/62.jpg','Emily Taylor','emily.taylor@example.com','11234567890','04/01/2022','ACTIVE','$2b$10$8k31WS4t1d75k0B85j8eneLLcedpJMrp1FVmm0a8CUc.kY5NL0vOu','Responsible for greeting guests, managing reservations, and providing information to guests.','Receptionist'),('U-0010','https://randomuser.me/api/portraits/men/56.jpg','Ryan Patel','ryan.patel@example.com','11234567890','08/20/2021','ACTIVE','$2b$10$sd745vy/2c9t460YS9cZhu2BKeAiRjE7IGwCve9VD/c7Oz1oU0za2','Responsible for delivering food and beverages to guest rooms and ensuring guest satisfaction.','Room Service'),('U-0011','https://cloudflare-ipfs.com/ipfs/Qmd3W5DuhgHirLHGVixi6V76LhCkZUz6pnFt5AJBiyvHye/avatar/910.jpg','Joann Buckridge','Clementina.Schaden@hotmail.com','296-929-4223','03/24/2023','INACTIVE','$2b$10$HhxOHYi1D2YGFXa5Cn9tNOLFV86bZRuK.t2tuMQiUbbOyzbfGmhQu','Responsible for the hotel\'s daily management.','Manager'),('U-0012','https://avatars.githubusercontent.com/u/84567982','Jesus Paucek','Ceasar.Reinger77@yahoo.com','222-523-3363 x231','04/17/2023','INACTIVE','$2b$10$5mocrhOqecHDYrdmGZyqZed5AbjMsGTOcAmqQdIUMKIi/BRwZuz0G','Responsible for the hotel\'s daily management.','Manager'),('U-0013','https://cloudflare-ipfs.com/ipfs/Qmd3W5DuhgHirLHGVixi6V76LhCkZUz6pnFt5AJBiyvHye/avatar/1144.jpg','Ruben Hyatt','Ashtyn_Wisoky@gmail.com','846-954-9099 x62368','05/24/2023','ACTIVE','$2b$10$uWPo8NAj41Mie1NxKOlZ1.P0zuuJd0hba8qtVMI4eaoKuBbjj5ntG','Responsible for greeting guests and checking them in and out of the hotel.','Receptionist'),('U-0014','https://cloudflare-ipfs.com/ipfs/Qmd3W5DuhgHirLHGVixi6V76LhCkZUz6pnFt5AJBiyvHye/avatar/33.jpg','Gregory Reichert','Maybell_Goldner85@gmail.com','223.882.5221 x3802','08/16/2022','INACTIVE','$2b$10$rckAmv8TnAQHlfi/.O8uueLQpm193VDFYnHD//0RJ6QfkyIrL91Om','Responsible for the hotel\'s daily management.','Manager'),('U-0015','https://avatars.githubusercontent.com/u/11535046','Marcus Bechtelar','Gregoria55@hotmail.com','1-927-599-4027 x12863','07/23/2022','ACTIVE','$2b$10$V7e111g2JxW5UxrU5M/Hxut1cpcOBZ/gI8s6Hmq22Jvy3dTDNbjgO','Responsible for preparing and delivering food and beverages to guest rooms.','Room Service'),('U-0016','https://avatars.githubusercontent.com/u/79079395','Alison Nitzsche-Mills','Lorena.Stiedemann@gmail.com','1-963-893-9931 x6161','09/28/2022','ACTIVE','$2b$10$R390XBu/PUddONyZG5GjpeJSmcf3saGmsP4pXzSvjR9yj88ijf37G','Responsible for preparing and delivering food and beverages to guest rooms.','Room Service'),('U-0017','https://cloudflare-ipfs.com/ipfs/Qmd3W5DuhgHirLHGVixi6V76LhCkZUz6pnFt5AJBiyvHye/avatar/196.jpg','Maxine Wuckert','Camden.Schroeder@gmail.com','1-201-461-8741','11/30/2022','ACTIVE','$2b$10$HfgVhVBchWuO7PyN6oJ7ne2N9N3/ozeVkDUxvkFOENiMC35jrnE5e','Responsible for greeting guests and checking them in and out of the hotel.','Receptionist'),('U-0018','https://avatars.githubusercontent.com/u/32595607','Gustavo Vandervort','Verla_Hansen@yahoo.com','(567) 954-9708 x1655','08/27/2022','INACTIVE','$2b$10$oPB0.KKFnOWlLkN0sq8jrO/7JKbq028V6jdI82rCFfcqXMjmd9YDC','Responsible for the hotel\'s daily management.','Manager'),('U-0019','https://cloudflare-ipfs.com/ipfs/Qmd3W5DuhgHirLHGVixi6V76LhCkZUz6pnFt5AJBiyvHye/avatar/182.jpg','Kerry Kiehn','Amani62@gmail.com','303-350-3920 x7419','02/02/2023','ACTIVE','$2b$10$IUZYH8GnZfvu7sQJxVK0wOWlgH59/JvNROISJ09A4ScnuplPMbVTu','Responsible for preparing and delivering food and beverages to guest rooms.','Room Service'),('U-0020','https://cloudflare-ipfs.com/ipfs/Qmd3W5DuhgHirLHGVixi6V76LhCkZUz6pnFt5AJBiyvHye/avatar/755.jpg','Milton Lynch','Jesus_Greenholt-Baumbach86@gmail.com','231.916.7310 x37952','05/05/2023','INACTIVE','$2b$10$yiFn.3VvfrV2kJQUYC/hOeVjwfHQ03Wmg8Be4EVyTPu9i.IrxlUdi','Responsible for the hotel\'s daily management.','Manager');
/*!40000 ALTER TABLE `users` ENABLE KEYS */;
UNLOCK TABLES;
/*!40103 SET TIME_ZONE=@OLD_TIME_ZONE */;

/*!40101 SET SQL_MODE=@OLD_SQL_MODE */;
/*!40014 SET FOREIGN_KEY_CHECKS=@OLD_FOREIGN_KEY_CHECKS */;
/*!40014 SET UNIQUE_CHECKS=@OLD_UNIQUE_CHECKS */;
/*!40101 SET CHARACTER_SET_CLIENT=@OLD_CHARACTER_SET_CLIENT */;
/*!40101 SET CHARACTER_SET_RESULTS=@OLD_CHARACTER_SET_RESULTS */;
/*!40101 SET COLLATION_CONNECTION=@OLD_COLLATION_CONNECTION */;
/*!40111 SET SQL_NOTES=@OLD_SQL_NOTES */;

-- Dump completed on 2023-06-27 11:36:50
